{
  "main.py": 1776277884.2639449,
  "requirements.txt": 1776254126.914663
}